user_id,plan_tier
u1,free
u2,free
u3,free
u4,free
u5,free
u6,free
u7,free
u8,free
u9,free
u10,free
u11,free
u12,free
u13,free
u14,pro
u15,free
u16,free
u17,free
u18,pro
u19,free
u20,free
u21,enterprise
u22,free
u23,pro
u24,free
u25,free
u26,free
u27,free
u28,pro
u29,free
u30,free
u31,free
u32,free
u33,free
u34,free
u35,free
u36,free
u37,free
u38,free
u39,free
u40,free
u41,free
u42,free
u43,pro
u44,free
u45,free
u46,free
u47,free
u48,pro
u49,free
u50,free
u51,enterprise
u52,free
u53,free
u54,pro
u55,free
u56,free
u57,free
u58,free
u59,pro
u60,free
u61,pro
u62,free
u63,free
u64,free
u65,free
u66,free
u67,pro
u68,pro
u69,free
u70,free
u71,free
u72,free
u73,free
u74,enterprise
u75,pro
u76,free
u77,free
u78,free
u79,free
u80,free
u81,free
u82,free
u83,free
u84,pro
u85,free
u86,free
u87,free
u88,pro
u89,free
u90,free
u91,free
u92,pro
u93,pro
u94,pro
u95,free
u96,free
u97,free
u98,pro
u99,enterprise
u100,free
u101,free
u102,free
u103,free
u104,free
u105,free
u106,free
u107,free
u108,free
u109,free
u110,free
u111,enterprise
u112,free
u113,free
u114,free
u115,free
u116,free
u117,pro
u118,pro
u119,pro
u120,pro
u121,free
u122,free
u123,free
u124,free
u125,free
u126,free
u127,free
u128,free
u129,free
u130,free
u131,free
u132,free
u133,free
u134,free
u135,free
u136,pro
u137,free
u138,free
u139,free
u140,free
u141,free
u142,free
u143,pro
u144,enterprise
u145,free
u146,free
u147,free
u148,free
u149,free
u150,free
u151,pro
u152,free
u153,free
u154,enterprise
u155,free
u156,free
u157,free
u158,free
u159,free
u160,enterprise
u161,pro
u162,free
u163,free
u164,free
u165,free
u166,pro
u167,free
u168,pro
u169,free
u170,free
u171,pro
u172,enterprise
u173,pro
u174,pro
u175,pro
u176,free
u177,free
u178,free
u179,free
u180,free
u181,free
u182,free
u183,free
u184,free
u185,enterprise
u186,free
u187,pro
u188,enterprise
u189,enterprise
u190,free
u191,free
u192,free
u193,free
u194,free
u195,free
u196,pro
u197,pro
u198,free
u199,free
u200,pro
u201,free
u202,free
u203,pro
u204,pro
u205,pro
u206,free
u207,free
u208,pro
u209,free
u210,pro
u211,enterprise
u212,free
u213,free
u214,pro
u215,free
u216,free
u217,free
u218,free
u219,pro
u220,pro
u221,free
u222,pro
u223,enterprise
u224,free
u225,free
u226,free
u227,free
u228,free
u229,enterprise
u230,free
u231,free
u232,pro
u233,free
u234,pro
u235,pro
u236,free
u237,free
u238,free
u239,free
u240,free
u241,free
u242,free
u243,free
u244,pro
u245,free
u246,free
u247,free
u248,pro
u249,free
u250,pro
u251,free
u252,free
u253,free
u254,free
u255,free
u256,free
u257,free
u258,pro
u259,free
u260,free
u261,free
u262,free
u263,free
u264,free
u265,free
u266,pro
u267,free
u268,free
u269,free
u270,free
u271,pro
u272,free
u273,free
u274,pro
u275,pro
u276,free
u277,free
u278,free
u279,free
u280,free
u281,free
u282,free
u283,free
u284,pro
u285,free
u286,pro
u287,pro
u288,free
u289,free
u290,pro
u291,pro
u292,free
u293,free
u294,free
u295,free
u296,free
u297,free
u298,free
u299,pro
u300,pro
u301,free
u302,free
u303,free
u304,free
u305,pro
u306,enterprise
u307,free
u308,enterprise
u309,free
u310,free
u311,enterprise
u312,pro
u313,free
u314,free
u315,free
u316,free
u317,free
u318,free
u319,free
u320,free
u321,free
u322,free
u323,free
u324,free
u325,free
u326,free
u327,free
u328,enterprise
u329,pro
u330,enterprise
u331,free
u332,free
u333,free
u334,pro
u335,free
u336,free
u337,free
u338,pro
u339,pro
u340,free
u341,free
u342,pro
u343,free
u344,free
u345,free
u346,free
u347,free
u348,free
u349,free
u350,pro
u351,free
u352,pro
u353,free
u354,pro
u355,free
u356,pro
u357,free
u358,free
u359,free
u360,pro
u361,free
u362,free
u363,free
u364,free
u365,free
u366,free
u367,free
u368,free
u369,free
u370,free
u371,pro
u372,free
u373,free
u374,free
u375,free
u376,free
u377,free
u378,free
u379,free
u380,free
u381,free
u382,free
u383,pro
u384,free
u385,pro
u386,free
u387,free
u388,pro
u389,free
u390,free
u391,free
u392,enterprise
u393,free
u394,pro
u395,free
u396,free
u397,free
u398,free
u399,free
u400,free
u401,free
u402,free
u403,free
u404,free
u405,free
u406,pro
u407,pro
u408,free
u409,free
u410,free
u411,free
u412,free
u413,free
u414,free
u415,free
u416,enterprise
u417,enterprise
u418,free
u419,free
u420,enterprise
u421,free
u422,free
u423,free
u424,free
u425,free
u426,free
u427,free
u428,free
u429,free
u430,free
u431,free
u432,free
u433,free
u434,free
u435,free
u436,free
u437,free
u438,free
u439,pro
u440,free
u441,free
u442,pro
u443,free
u444,free
u445,enterprise
u446,free
u447,free
u448,free
u449,free
u450,pro
u451,pro
u452,free
u453,free
u454,pro
u455,free
u456,free
u457,free
u458,pro
u459,pro
u460,pro
u461,free
u462,pro
u463,free
u464,free
u465,free
u466,free
u467,free
u468,free
u469,free
u470,pro
u471,free
u472,free
u473,free
u474,free
u475,free
u476,free
u477,pro
u478,free
u479,free
u480,free
u481,free
u482,free
u483,free
u484,free
u485,free
u486,free
u487,free
u488,free
u489,free
u490,enterprise
u491,free
u492,free
u493,free
u494,free
u495,pro
u496,free
u497,free
u498,free
u499,free
u500,free
u501,free
u502,free
u503,free
u504,free
u505,free
u506,free
u507,free
u508,free
u509,free
u510,free
u511,free
u512,free
u513,free
u514,free
u515,pro
u516,free
u517,enterprise
u518,pro
u519,free
u520,free
u521,pro
u522,enterprise
u523,free
u524,free
u525,free
u526,pro
u527,free
u528,free
u529,free
u530,free
u531,enterprise
u532,free
u533,pro
u534,free
u535,pro
u536,free
u537,free
u538,pro
u539,free
u540,free
u541,free
u542,free
u543,free
u544,free
u545,free
u546,free
u547,free
u548,pro
u549,free
u550,pro
u551,pro
u552,free
u553,pro
u554,free
u555,pro
u556,free
u557,free
u558,free
u559,enterprise
u560,free
u561,free
u562,free
u563,free
u564,free
u565,free
u566,pro
u567,free
u568,pro
u569,free
u570,free
u571,free
u572,free
u573,free
u574,enterprise
u575,pro
u576,pro
u577,free
u578,pro
u579,pro
u580,free
u581,free
u582,free
u583,free
u584,free
u585,pro
u586,free
u587,free
u588,free
u589,pro
u590,free
u591,free
u592,free
u593,free
u594,free
u595,enterprise
u596,free
u597,free
u598,free
u599,free
u600,free
u601,free
u602,free
u603,free
u604,pro
u605,free
u606,free
u607,pro
u608,enterprise
u609,free
u610,free
u611,free
u612,free
u613,free
u614,free
u615,free
u616,free
u617,free
u618,pro
u619,free
u620,free
u621,free
u622,free
u623,free
u624,free
u625,free
u626,free
u627,enterprise
u628,free
u629,free
u630,free
u631,pro
u632,free
u633,free
u634,free
u635,free
u636,free
u637,enterprise
u638,pro
u639,pro
u640,free
u641,free
u642,free
u643,pro
u644,free
u645,free
u646,free
u647,free
u648,pro
u649,pro
u650,pro
u651,enterprise
u652,free
u653,free
u654,free
u655,free
u656,free
u657,pro
u658,free
u659,free
u660,pro
u661,free
u662,free
u663,free
u664,pro
u665,free
u666,pro
u667,free
u668,free
u669,free
u670,free
u671,free
u672,free
u673,free
u674,free
u675,free
u676,free
u677,free
u678,free
u679,free
u680,free
u681,free
u682,free
u683,enterprise
u684,free
u685,pro
u686,free
u687,free
u688,free
u689,enterprise
u690,free
u691,free
u692,free
u693,free
u694,free
u695,free
u696,free
u697,free
u698,pro
u699,free
u700,free
u701,free
u702,free
u703,free
u704,free
u705,pro
u706,free
u707,free
u708,free
u709,enterprise
u710,free
u711,pro
u712,free
u713,free
u714,pro
u715,free
u716,enterprise
u717,free
u718,free
u719,free
u720,free
u721,free
u722,pro
u723,free
u724,free
u725,free
u726,enterprise
u727,free
u728,free
u729,free
u730,free
u731,pro
u732,pro
u733,free
u734,enterprise
u735,pro
u736,free
u737,free
u738,pro
u739,free
u740,free
u741,free
u742,free
u743,free
u744,free
u745,free
u746,free
u747,free
u748,free
u749,enterprise
u750,free
u751,enterprise
u752,free
u753,free
u754,pro
u755,pro
u756,free
u757,free
u758,free
u759,free
u760,pro
u761,free
u762,free
u763,pro
u764,free
u765,free
u766,pro
u767,pro
u768,free
u769,free
u770,free
u771,pro
u772,free
u773,free
u774,pro
u775,free
u776,free
u777,enterprise
u778,free
u779,free
u780,free
u781,free
u782,free
u783,free
u784,pro
u785,pro
u786,free
u787,pro
u788,free
u789,free
u790,free
u791,enterprise
u792,enterprise
u793,free
u794,free
u795,free
u796,free
u797,pro
u798,free
u799,pro
u800,free
u801,pro
u802,pro
u803,free
u804,free
u805,free
u806,free
u807,pro
u808,free
u809,free
u810,pro
u811,free
u812,free
u813,free
u814,free
u815,free
u816,enterprise
u817,pro
u818,enterprise
u819,free
u820,free
u821,free
u822,free
u823,free
u824,free
u825,free
u826,free
u827,free
u828,free
u829,free
u830,pro
u831,free
u832,free
u833,pro
u834,free
u835,free
u836,free
u837,free
u838,free
u839,free
u840,free
u841,free
u842,pro
u843,free
u844,free
u845,free
u846,enterprise
u847,free
u848,free
u849,pro
u850,free
u851,enterprise
u852,free
u853,free
u854,pro
u855,pro
u856,pro
u857,free
u858,free
u859,free
u860,free
u861,enterprise
u862,free
u863,pro
u864,free
u865,pro
u866,free
u867,free
u868,pro
u869,pro
u870,free
u871,free
u872,free
u873,free
u874,free
u875,free
u876,free
u877,free
u878,free
u879,free
u880,free
u881,free
u882,free
u883,free
u884,free
u885,free
u886,free
u887,pro
u888,free
u889,free
u890,free
u891,free
u892,free
u893,free
u894,free
u895,free
u896,free
u897,free
u898,free
u899,free
u900,enterprise
u901,free
u902,free
u903,free
u904,free
u905,pro
u906,enterprise
u907,free
u908,free
u909,free
u910,free
u911,free
u912,pro
u913,free
u914,pro
u915,free
u916,pro
u917,free
u918,free
u919,free
u920,free
u921,free
u922,pro
u923,free
u924,free
u925,free
u926,free
u927,free
u928,free
u929,free
u930,pro
u931,free
u932,free
u933,pro
u934,enterprise
u935,free
u936,free
u937,pro
u938,enterprise
u939,free
u940,free
u941,pro
u942,free
u943,pro
u944,free
u945,pro
u946,free
u947,pro
u948,free
u949,free
u950,pro
u951,pro
u952,free
u953,free
u954,free
u955,free
u956,free
u957,free
u958,free
u959,free
u960,pro
u961,free
u962,free
u963,pro
u964,free
u965,pro
u966,free
u967,free
u968,free
u969,free
u970,free
u971,free
u972,free
u973,free
u974,free
u975,free
u976,free
u977,free
u978,free
u979,free
u980,free
u981,pro
u982,pro
u983,free
u984,free
u985,free
u986,free
u987,free
u988,free
u989,free
u990,free
u991,free
u992,free
u993,free
u994,free
u995,free
u996,pro
u997,free
u998,free
u999,free
u1000,free
u1001,enterprise
u1002,free
u1003,pro
u1004,enterprise
u1005,free
u1006,pro
u1007,free
u1008,enterprise
u1009,free
u1010,enterprise
u1011,pro
u1012,free
u1013,pro
u1014,pro
u1015,free
u1016,free
u1017,pro
u1018,free
u1019,pro
u1020,free
u1021,pro
u1022,free
u1023,free
u1024,pro
u1025,free
u1026,free
u1027,free
u1028,free
u1029,free
u1030,free
u1031,free
u1032,pro
u1033,free
u1034,pro
u1035,free
u1036,pro
u1037,free
u1038,free
u1039,free
u1040,free
u1041,pro
u1042,free
u1043,free
u1044,pro
u1045,free
u1046,enterprise
u1047,free
u1048,free
u1049,pro
u1050,free
u1051,enterprise
u1052,free
u1053,free
u1054,pro
u1055,free
u1056,free
u1057,free
u1058,free
u1059,pro
u1060,free
u1061,free
u1062,enterprise
u1063,free
u1064,free
u1065,free
u1066,free
u1067,free
u1068,free
u1069,free
u1070,free
u1071,free
u1072,pro
u1073,free
u1074,free
u1075,free
u1076,free
u1077,free
u1078,free
u1079,free
u1080,free
u1081,free
u1082,free
u1083,free
u1084,free
u1085,free
u1086,free
u1087,free
u1088,pro
u1089,free
u1090,free
u1091,free
u1092,free
u1093,pro
u1094,pro
u1095,free
u1096,free
u1097,free
u1098,free
u1099,free
u1100,free
u1101,free
u1102,free
u1103,pro
u1104,free
u1105,free
u1106,pro
u1107,free
u1108,free
u1109,free
u1110,free
u1111,free
u1112,pro
u1113,free
u1114,free
u1115,pro
u1116,free
u1117,free
u1118,free
u1119,free
u1120,free
u1121,pro
u1122,free
u1123,free
u1124,free
u1125,free
u1126,pro
u1127,pro
u1128,free
u1129,free
u1130,pro
u1131,free
u1132,free
u1133,free
u1134,free
u1135,free
u1136,free
u1137,free
u1138,free
u1139,free
u1140,free
u1141,free
u1142,pro
u1143,free
u1144,free
u1145,free
u1146,free
u1147,pro
u1148,free
u1149,free
u1150,free
u1151,enterprise
u1152,free
u1153,pro
u1154,free
u1155,free
u1156,free
u1157,free
u1158,pro
u1159,free
u1160,free
u1161,pro
u1162,free
u1163,free
u1164,pro
u1165,free
u1166,free
u1167,free
u1168,enterprise
u1169,free
u1170,pro
u1171,free
u1172,pro
u1173,free
u1174,free
u1175,free
u1176,free
u1177,free
u1178,free
u1179,free
u1180,pro
u1181,free
u1182,free
u1183,free
u1184,pro
u1185,free
u1186,free
u1187,free
u1188,free
u1189,free
u1190,free
u1191,free
u1192,free
u1193,free
u1194,free
u1195,free
u1196,pro
u1197,pro
u1198,pro
u1199,free
u1200,pro
u1201,pro
u1202,pro
u1203,free
u1204,free
u1205,free
u1206,free
u1207,pro
u1208,pro
u1209,free
u1210,pro
u1211,free
u1212,free
u1213,free
u1214,free
u1215,pro
u1216,free
u1217,free
u1218,free
u1219,free
u1220,free
u1221,free
u1222,free
u1223,free
u1224,free
u1225,enterprise
u1226,free
u1227,pro
u1228,free
u1229,free
u1230,free
u1231,free
u1232,pro
u1233,free
u1234,free
u1235,free
u1236,free
u1237,pro
u1238,free
u1239,pro
u1240,free
u1241,free
u1242,free
u1243,pro
u1244,enterprise
u1245,free
u1246,free
u1247,free
u1248,pro
u1249,free
u1250,free
u1251,free
u1252,pro
u1253,free
u1254,pro
u1255,free
u1256,free
u1257,free
u1258,free
u1259,free
u1260,free
u1261,free
u1262,pro
u1263,free
u1264,pro
u1265,free
u1266,free
u1267,free
u1268,free
u1269,pro
u1270,free
u1271,pro
u1272,free
u1273,free
u1274,free
u1275,pro
u1276,free
u1277,free
u1278,pro
u1279,free
u1280,free
u1281,free
u1282,pro
u1283,pro
u1284,free
u1285,free
u1286,free
u1287,free
u1288,pro
u1289,free
u1290,free
u1291,free
u1292,free
u1293,pro
u1294,free
u1295,free
u1296,free
u1297,pro
u1298,free
u1299,free
u1300,free
u1301,free
u1302,pro
u1303,free
u1304,free
u1305,free
u1306,free
u1307,free
u1308,free
u1309,free
u1310,free
u1311,enterprise
u1312,free
u1313,free
u1314,enterprise
u1315,free
u1316,free
u1317,enterprise
u1318,pro
u1319,free
u1320,free
u1321,free
u1322,free
u1323,free
u1324,free
u1325,free
u1326,free
u1327,free
u1328,pro
u1329,free
u1330,free
u1331,free
u1332,free
u1333,free
u1334,free
u1335,free
u1336,free
u1337,pro
u1338,free
u1339,free
u1340,free
u1341,free
u1342,free
u1343,free
u1344,pro
u1345,pro
u1346,free
u1347,pro
u1348,free
u1349,free
u1350,free
u1351,free
u1352,free
u1353,free
u1354,free
u1355,pro
u1356,free
u1357,free
u1358,free
u1359,free
u1360,free
u1361,free
u1362,free
u1363,free
u1364,pro
u1365,free
u1366,free
u1367,pro
u1368,free
u1369,free
u1370,enterprise
u1371,free
u1372,free
u1373,free
u1374,pro
u1375,pro
u1376,free
u1377,free
u1378,free
u1379,free
u1380,free
u1381,free
u1382,free
u1383,pro
u1384,free
u1385,free
u1386,pro
u1387,free
u1388,free
u1389,free
u1390,pro
u1391,free
u1392,enterprise
u1393,free
u1394,free
u1395,free
u1396,free
u1397,free
u1398,free
u1399,free
u1400,free
u1401,free
u1402,free
u1403,free
u1404,free
u1405,pro
u1406,free
u1407,free
u1408,pro
u1409,free
u1410,free
u1411,free
u1412,pro
u1413,pro
u1414,free
u1415,free
u1416,free
u1417,free
u1418,enterprise
u1419,free
u1420,free
u1421,pro
u1422,pro
u1423,free
u1424,free
u1425,free
u1426,free
u1427,pro
u1428,free
u1429,pro
u1430,free
u1431,free
u1432,free
u1433,free
u1434,free
u1435,free
u1436,free
u1437,free
u1438,free
u1439,free
u1440,free
u1441,free
u1442,free
u1443,free
u1444,free
u1445,pro
u1446,pro
u1447,free
u1448,pro
u1449,pro
u1450,pro
u1451,free
u1452,pro
u1453,free
u1454,free
u1455,free
u1456,enterprise
u1457,free
u1458,free
u1459,free
u1460,free
u1461,free
u1462,pro
u1463,free
u1464,free
u1465,pro
u1466,pro
u1467,free
u1468,pro
u1469,free
u1470,pro
u1471,free
u1472,pro
u1473,pro
u1474,pro
u1475,free
u1476,free
u1477,free
u1478,free
u1479,free
u1480,pro
u1481,free
u1482,free
u1483,free
u1484,free
u1485,free
u1486,free
u1487,free
u1488,free
u1489,free
u1490,free
u1491,free
u1492,pro
u1493,free
u1494,pro
u1495,free
u1496,free
u1497,free
u1498,pro
u1499,free
u1500,free
u1501,enterprise
u1502,free
u1503,free
u1504,free
u1505,free
u1506,free
u1507,free
u1508,pro
u1509,free
u1510,enterprise
u1511,free
u1512,free
u1513,pro
u1514,free
u1515,free
u1516,free
u1517,free
u1518,pro
u1519,free
u1520,free
u1521,free
u1522,pro
u1523,free
u1524,free
u1525,free
u1526,free
u1527,pro
u1528,free
u1529,pro
u1530,free
u1531,free
u1532,free
u1533,free
u1534,enterprise
u1535,free
u1536,pro
u1537,free
u1538,free
u1539,free
u1540,free
u1541,free
u1542,pro
u1543,free
u1544,free
u1545,pro
u1546,free
u1547,free
u1548,free
u1549,free
u1550,free
u1551,pro
u1552,free
u1553,free
u1554,pro
u1555,pro
u1556,free
u1557,free
u1558,free
u1559,free
u1560,free
u1561,free
u1562,free
u1563,free
u1564,free
u1565,pro
u1566,free
u1567,free
u1568,free
u1569,pro
u1570,pro
u1571,free
u1572,free
u1573,pro
u1574,pro
u1575,free
u1576,free
u1577,free
u1578,free
u1579,free
u1580,free
u1581,free
u1582,pro
u1583,free
u1584,free
u1585,free
u1586,free
u1587,pro
u1588,free
u1589,pro
u1590,free
u1591,free
u1592,free
u1593,free
u1594,pro
u1595,enterprise
u1596,free
u1597,free
u1598,free
u1599,free
u1600,free
u1601,free
u1602,free
u1603,free
u1604,free
u1605,free
u1606,enterprise
u1607,free
u1608,pro
u1609,free
u1610,free
u1611,free
u1612,free
u1613,free
u1614,free
u1615,free
u1616,pro
u1617,free
u1618,pro
u1619,free
u1620,free
u1621,free
u1622,free
u1623,free
u1624,pro
u1625,free
u1626,enterprise
u1627,free
u1628,free
u1629,free
u1630,free
u1631,pro
u1632,free
u1633,free
u1634,free
u1635,free
u1636,pro
u1637,free
u1638,free
u1639,free
u1640,free
u1641,free
u1642,free
u1643,free
u1644,pro
u1645,free
u1646,free
u1647,free
u1648,free
u1649,free
u1650,pro
u1651,pro
u1652,pro
u1653,free
u1654,free
u1655,free
u1656,enterprise
u1657,free
u1658,pro
u1659,free
u1660,free
u1661,enterprise
u1662,pro
u1663,free
u1664,free
u1665,free
u1666,pro
u1667,free
u1668,free
u1669,free
u1670,pro
u1671,pro
u1672,free
u1673,free
u1674,free
u1675,free
u1676,free
u1677,pro
u1678,pro
u1679,free
u1680,pro
u1681,pro
u1682,pro
u1683,free
u1684,free
u1685,pro
u1686,pro
u1687,free
u1688,pro
u1689,free
u1690,free
u1691,free
u1692,pro
u1693,free
u1694,pro
u1695,pro
u1696,free
u1697,free
u1698,free
u1699,free
u1700,free
u1701,free
u1702,pro
u1703,pro
u1704,free
u1705,free
u1706,pro
u1707,pro
u1708,free
u1709,free
u1710,pro
u1711,pro
u1712,free
u1713,free
u1714,free
u1715,free
u1716,free
u1717,free
u1718,free
u1719,free
u1720,free
u1721,free
u1722,free
u1723,free
u1724,free
u1725,enterprise
u1726,free
u1727,free
u1728,free
u1729,pro
u1730,free
u1731,free
u1732,free
u1733,free
u1734,free
u1735,free
u1736,enterprise
u1737,pro
u1738,free
u1739,free
u1740,free
u1741,pro
u1742,free
u1743,pro
u1744,pro
u1745,pro
u1746,enterprise
u1747,free
u1748,free
u1749,free
u1750,free
u1751,free
u1752,free
u1753,free
u1754,pro
u1755,free
u1756,pro
u1757,pro
u1758,free
u1759,free
u1760,free
u1761,free
u1762,enterprise
u1763,free
u1764,free
u1765,free
u1766,enterprise
u1767,free
u1768,free
u1769,free
u1770,free
u1771,enterprise
u1772,enterprise
u1773,free
u1774,free
u1775,free
u1776,free
u1777,pro
u1778,pro
u1779,pro
u1780,free
u1781,pro
u1782,free
u1783,free
u1784,enterprise
u1785,free
u1786,free
u1787,pro
u1788,pro
u1789,free
u1790,free
u1791,free
u1792,pro
u1793,free
u1794,free
u1795,free
u1796,free
u1797,free
u1798,free
u1799,free
u1800,free
u1801,free
u1802,free
u1803,free
u1804,free
u1805,free
u1806,pro
u1807,free
u1808,pro
u1809,pro
u1810,pro
u1811,free
u1812,free
u1813,free
u1814,pro
u1815,pro
u1816,free
u1817,free
u1818,free
u1819,pro
u1820,free
u1821,free
u1822,free
u1823,free
u1824,free
u1825,free
u1826,free
u1827,free
u1828,pro
u1829,free
u1830,free
u1831,free
u1832,free
u1833,pro
u1834,free
u1835,free
u1836,free
u1837,free
u1838,pro
u1839,free
u1840,enterprise
u1841,free
u1842,pro
u1843,free
u1844,free
u1845,free
u1846,free
u1847,free
u1848,free
u1849,free
u1850,enterprise
u1851,enterprise
u1852,pro
u1853,free
u1854,free
u1855,pro
u1856,free
u1857,free
u1858,free
u1859,enterprise
u1860,free
u1861,pro
u1862,free
u1863,free
u1864,free
u1865,pro
u1866,free
u1867,free
u1868,free
u1869,pro
u1870,free
u1871,free
u1872,free
u1873,free
u1874,pro
u1875,free
u1876,free
u1877,free
u1878,free
u1879,free
u1880,free
u1881,free
u1882,free
u1883,free
u1884,free
u1885,pro
u1886,free
u1887,free
u1888,free
u1889,free
u1890,free
u1891,free
u1892,free
u1893,pro
u1894,free
u1895,pro
u1896,pro
u1897,free
u1898,free
u1899,pro
u1900,free
u1901,pro
u1902,free
u1903,free
u1904,pro
u1905,free
u1906,free
u1907,free
u1908,free
u1909,free
u1910,free
u1911,free
u1912,free
u1913,free
u1914,free
u1915,pro
u1916,pro
u1917,free
u1918,free
u1919,free
u1920,pro
u1921,free
u1922,pro
u1923,enterprise
u1924,free
u1925,free
u1926,free
u1927,free
u1928,free
u1929,enterprise
u1930,free
u1931,free
u1932,free
u1933,free
u1934,pro
u1935,free
u1936,free
u1937,free
u1938,free
u1939,free
u1940,free
u1941,free
u1942,free
u1943,free
u1944,free
u1945,pro
u1946,free
u1947,free
u1948,free
u1949,free
u1950,free
u1951,free
u1952,free
u1953,free
u1954,free
u1955,free
u1956,pro
u1957,free
u1958,free
u1959,free
u1960,free
u1961,pro
u1962,pro
u1963,free
u1964,free
u1965,pro
u1966,free
u1967,free
u1968,pro
u1969,pro
u1970,free
u1971,free
u1972,free
u1973,free
u1974,enterprise
u1975,pro
u1976,pro
u1977,pro
u1978,pro
u1979,free
u1980,free
u1981,enterprise
u1982,pro
u1983,free
u1984,free
u1985,free
u1986,free
u1987,free
u1988,free
u1989,free
u1990,free
u1991,free
u1992,free
u1993,enterprise
u1994,pro
u1995,pro
u1996,free
u1997,pro
u1998,pro
u1999,pro
u2000,free
